order_id,order_date,store_id,product_id,product_name,category,brand,quantity,price,delivery_partner,delivery_time_min,delivery_status,distance_km,stock_level,reorder_level,return_flag,revenue
1,2024-01-01 00:00:00,Store_3,1009,Eggs,Snacks,Britannia,4,66.93,Partner_X,20,On-Time,3.67,43,10,0,267.72
2,2024-01-01 01:00:00,Store_1,1018,Eggs,Dairy,Nestle,2,32.47,Partner_X,22,On-Time,2.55,42,10,0,64.94
3,2024-01-01 02:00:00,Store_3,1057,Snacks,Dairy,Britannia,1,192.77,Partner_X,18,On-Time,3.5,46,10,0,192.77
4,2024-01-01 03:00:00,Store_3,1095,Juice,Bakery,Britannia,3,106.09,Partner_Y,7,Late,4.27,46,10,0,318.27
5,2024-01-01 04:00:00,Store_1,1000,Bread,Beverages,Nestle,1,181.25,Partner_Z,16,On-Time,1.26,47,10,0,181.25
6,2024-01-01 05:00:00,Store_1,1068,Juice,Dairy,Local,1,78.0,Partner_Y,13,On-Time,0.59,41,10,0,78.0
7,2024-01-01 06:00:00,Store_3,1003,Juice,Beverages,Amul,2,42.54,Partner_X,11,On-Time,4.01,11,10,0,85.08
8,2024-01-01 07:00:00,Store_2,1015,Eggs,Dairy,Local,4,105.38,Partner_X,13,On-Time,3.24,12,10,0,421.52
9,2024-01-01 08:00:00,Store_3,1023,Juice,Dairy,Amul,1,40.51,Partner_Z,17,On-Time,3.65,3,10,0,40.51
10,2024-01-01 09:00:00,Store_3,1079,Milk,Snacks,Britannia,3,107.48,Partner_Y,22,On-Time,4.27,38,10,0,322.44
11,2024-01-01 10:00:00,Store_3,1001,Eggs,Snacks,Amul,3,185.65,Partner_Z,9,On-Time,4.11,1,10,0,556.95
12,2024-01-01 11:00:00,Store_3,1091,Milk,Snacks,Britannia,4,113.74,Partner_Y,17,On-Time,4.82,25,10,0,454.96
13,2024-01-01 12:00:00,Store_1,1031,Bread,Beverages,Local,3,130.97,Partner_X,8,On-Time,2.91,26,10,0,392.90999999999997
14,2024-01-01 13:00:00,Store_3,1090,Eggs,Bakery,Britannia,4,48.19,Partner_Z,6,On-Time,2.7,26,10,0,192.76
15,2024-01-01 14:00:00,Store_2,1083,Bread,Dairy,Local,3,27.87,Partner_Z,20,Late,2.31,14,10,0,83.61
16,2024-01-01 15:00:00,Store_1,1023,Eggs,Dairy,Nestle,2,39.95,Partner_X,13,On-Time,1.19,7,10,0,79.9
17,2024-01-01 16:00:00,Store_2,1011,Snacks,Dairy,Nestle,1,127.74,Partner_Z,13,On-Time,3.08,6,10,0,127.74
18,2024-01-01 17:00:00,Store_2,1049,Juice,Beverages,Nestle,2,37.1,Partner_Y,10,On-Time,1.75,46,10,0,74.2
19,2024-01-01 18:00:00,Store_2,1034,Snacks,Snacks,Britannia,1,87.68,Partner_Y,15,On-Time,4.65,45,10,0,87.68
20,2024-01-01 19:00:00,Store_2,1032,Bread,Bakery,Nestle,1,119.02,Partner_Y,26,On-Time,3.12,39,10,0,119.02
21,2024-01-01 20:00:00,Store_1,1032,Juice,Beverages,Amul,1,89.96,Partner_Y,28,Late,3.17,11,10,1,89.96
22,2024-01-01 21:00:00,Store_1,1060,Eggs,Snacks,Local,2,49.46,Partner_X,26,On-Time,2.1,12,10,0,98.92
23,2024-01-01 22:00:00,Store_2,1050,Juice,Beverages,Local,1,69.28,Partner_Z,5,On-Time,0.73,42,10,0,69.28
24,2024-01-01 23:00:00,Store_2,1042,Milk,Bakery,Amul,2,187.1,Partner_Y,8,On-Time,0.64,16,10,0,374.2
25,2024-01-02 00:00:00,Store_1,1011,Juice,Snacks,Britannia,4,141.68,Partner_X,17,Late,2.41,16,10,0,566.72
26,2024-01-02 01:00:00,Store_1,1066,Milk,Beverages,Britannia,3,109.29,Partner_Z,27,On-Time,0.88,35,10,0,327.87
27,2024-01-02 02:00:00,Store_1,1064,Juice,Bakery,Local,3,22.29,Partner_Z,17,On-Time,3.23,20,10,0,66.87
28,2024-01-02 03:00:00,Store_3,1032,Milk,Dairy,Nestle,1,198.63,Partner_X,17,On-Time,4.46,7,10,0,198.63
29,2024-01-02 04:00:00,Store_3,1039,Bread,Bakery,Britannia,2,140.86,Partner_X,6,On-Time,4.47,4,10,0,281.72
30,2024-01-02 05:00:00,Store_3,1073,Snacks,Dairy,Britannia,3,77.05,Partner_Y,13,On-Time,3.47,25,10,0,231.14999999999998
31,2024-01-02 06:00:00,Store_2,1042,Eggs,Beverages,Amul,2,178.27,Partner_Z,28,Late,1.45,15,10,1,356.54
32,2024-01-02 07:00:00,Store_3,1043,Juice,Snacks,Amul,2,66.52,Partner_Z,12,On-Time,4.38,35,10,0,133.04
33,2024-01-02 08:00:00,Store_2,1028,Snacks,Snacks,Nestle,1,117.92,Partner_X,11,On-Time,4.49,27,10,0,117.92
34,2024-01-02 09:00:00,Store_2,1012,Eggs,Beverages,Britannia,3,134.49,Partner_Z,8,On-Time,1.38,28,10,1,403.47
35,2024-01-02 10:00:00,Store_3,1011,Eggs,Snacks,Britannia,1,59.79,Partner_Y,22,Late,3.82,46,10,0,59.79
36,2024-01-02 11:00:00,Store_2,1094,Milk,Snacks,Amul,1,196.11,Partner_Z,7,On-Time,1.79,11,10,0,196.11
37,2024-01-02 12:00:00,Store_3,1045,Bread,Dairy,Britannia,3,154.67,Partner_X,10,On-Time,4.11,36,10,0,464.01
38,2024-01-02 13:00:00,Store_3,1001,Bread,Beverages,Local,3,120.41,Partner_X,16,On-Time,4.99,29,10,0,361.23
39,2024-01-02 14:00:00,Store_1,1034,Snacks,Bakery,Amul,4,52.51,Partner_Y,16,On-Time,0.64,22,10,0,210.04
40,2024-01-02 15:00:00,Store_3,1086,Bread,Dairy,Nestle,4,29.69,Partner_Y,25,On-Time,4.54,15,10,0,118.76
41,2024-01-02 16:00:00,Store_1,1080,Juice,Beverages,Amul,2,77.61,Partner_Z,12,On-Time,3.3,13,10,1,155.22
42,2024-01-02 17:00:00,Store_3,1089,Bread,Dairy,Britannia,3,155.57,Partner_Z,26,Late,4.88,9,10,0,466.71
43,2024-01-02 18:00:00,Store_3,1007,Snacks,Bakery,Nestle,4,68.48,Partner_X,26,On-Time,2.59,6,10,0,273.92
44,2024-01-02 19:00:00,Store_1,1092,Bread,Bakery,Amul,2,117.12,Partner_Y,5,On-Time,4.31,44,10,0,234.24
45,2024-01-02 20:00:00,Store_1,1025,Juice,Beverages,Local,2,151.03,Partner_Y,8,On-Time,0.78,36,10,1,302.06
46,2024-01-02 21:00:00,Store_3,1073,Milk,Bakery,Local,2,39.43,Partner_Y,25,On-Time,2.01,28,10,0,78.86
47,2024-01-02 22:00:00,Store_2,1089,Snacks,Dairy,Amul,4,143.35,Partner_Z,15,On-Time,0.8,2,10,1,573.4
48,2024-01-02 23:00:00,Store_1,1033,Milk,Bakery,Local,3,36.54,Partner_Y,7,On-Time,4.89,14,10,0,109.62
49,2024-01-03 00:00:00,Store_2,1006,Milk,Dairy,Local,1,193.72,Partner_X,17,On-Time,4.18,35,10,0,193.72
50,2024-01-03 01:00:00,Store_2,1067,Milk,Dairy,Local,2,107.91,Partner_X,29,On-Time,4.34,46,10,0,215.82
51,2024-01-03 02:00:00,Store_2,1057,Eggs,Bakery,Nestle,4,47.12,Partner_Z,21,On-Time,4.72,45,10,0,188.48
52,2024-01-03 03:00:00,Store_1,1074,Eggs,Beverages,Local,4,81.63,Partner_Z,26,On-Time,0.88,18,10,0,326.52
53,2024-01-03 04:00:00,Store_2,1028,Milk,Snacks,Local,1,94.41,Partner_Y,26,On-Time,2.24,12,10,0,94.41
54,2024-01-03 05:00:00,Store_1,1035,Snacks,Bakery,Local,1,156.47,Partner_Z,14,On-Time,0.82,41,10,0,156.47
55,2024-01-03 06:00:00,Store_2,1088,Juice,Dairy,Nestle,4,153.82,Partner_X,25,On-Time,1.45,20,10,0,615.28
56,2024-01-03 07:00:00,Store_3,1020,Juice,Dairy,Amul,3,130.15,Partner_Y,16,On-Time,1.53,36,10,0,390.45000000000005
57,2024-01-03 08:00:00,Store_3,1035,Bread,Bakery,Britannia,1,39.07,Partner_X,19,On-Time,2.61,26,10,0,39.07
58,2024-01-03 09:00:00,Store_1,1009,Snacks,Beverages,Local,4,47.28,Partner_Y,25,On-Time,1.71,28,10,0,189.12
59,2024-01-03 10:00:00,Store_3,1072,Eggs,Beverages,Amul,1,36.88,Partner_Z,14,On-Time,0.95,19,10,0,36.88
60,2024-01-03 11:00:00,Store_3,1023,Milk,Dairy,Local,3,123.89,Partner_Y,18,On-Time,1.25,24,10,0,371.67
61,2024-01-03 12:00:00,Store_2,1063,Bread,Dairy,Nestle,2,177.88,Partner_Y,17,On-Time,1.16,5,10,0,355.76
62,2024-01-03 13:00:00,Store_1,1098,Juice,Beverages,Amul,1,98.08,Partner_X,9,Late,4.88,35,10,0,98.08
63,2024-01-03 14:00:00,Store_2,1048,Eggs,Snacks,Nestle,3,48.95,Partner_X,10,On-Time,3.92,1,10,0,146.85000000000002
64,2024-01-03 15:00:00,Store_2,1098,Eggs,Bakery,Local,4,120.45,Partner_Y,28,On-Time,4.85,21,10,0,481.8
65,2024-01-03 16:00:00,Store_2,1035,Milk,Dairy,Local,1,166.12,Partner_Z,6,On-Time,2.48,31,10,0,166.12
66,2024-01-03 17:00:00,Store_2,1081,Juice,Dairy,Nestle,1,153.51,Partner_Z,26,On-Time,1.75,15,10,0,153.51
67,2024-01-03 18:00:00,Store_2,1095,Snacks,Beverages,Britannia,4,178.66,Partner_X,21,On-Time,4.09,17,10,0,714.64
68,2024-01-03 19:00:00,Store_2,1023,Eggs,Bakery,Nestle,2,70.02,Partner_Z,8,On-Time,1.97,4,10,0,140.04
69,2024-01-03 20:00:00,Store_2,1022,Milk,Beverages,Local,4,54.91,Partner_X,18,On-Time,1.85,35,10,0,219.64
70,2024-01-03 21:00:00,Store_1,1061,Snacks,Bakery,Nestle,1,178.37,Partner_Z,14,On-Time,1.55,29,10,0,178.37
71,2024-01-03 22:00:00,Store_3,1095,Juice,Bakery,Britannia,4,138.36,Partner_Y,7,On-Time,1.08,44,10,0,553.44
72,2024-01-03 23:00:00,Store_2,1036,Eggs,Bakery,Nestle,3,75.97,Partner_X,29,On-Time,1.65,18,10,0,227.91
73,2024-01-04 00:00:00,Store_2,1011,Snacks,Dairy,Britannia,4,153.62,Partner_X,7,Late,2.1,22,10,1,614.48
74,2024-01-04 01:00:00,Store_2,1054,Snacks,Snacks,Britannia,1,166.72,Partner_Y,19,On-Time,3.53,33,10,0,166.72
75,2024-01-04 02:00:00,Store_2,1012,Snacks,Beverages,Nestle,4,130.7,Partner_X,10,On-Time,0.78,12,10,0,522.8
76,2024-01-04 03:00:00,Store_2,1022,Eggs,Snacks,Nestle,2,143.82,Partner_Z,21,On-Time,1.45,42,10,0,287.64
77,2024-01-04 04:00:00,Store_2,1088,Eggs,Beverages,Amul,4,87.55,Partner_Z,16,Late,4.14,28,10,0,350.2
78,2024-01-04 05:00:00,Store_3,1098,Bread,Bakery,Local,2,116.97,Partner_X,26,On-Time,1.16,35,10,0,233.94
79,2024-01-04 06:00:00,Store_3,1029,Juice,Dairy,Britannia,3,114.35,Partner_Z,24,On-Time,2.04,21,10,0,343.04999999999995
80,2024-01-04 07:00:00,Store_2,1016,Milk,Snacks,Amul,2,172.65,Partner_X,28,On-Time,4.39,46,10,0,345.3
81,2024-01-04 08:00:00,Store_3,1061,Snacks,Dairy,Nestle,4,171.19,Partner_Y,15,On-Time,1.2,35,10,0,684.76
82,2024-01-04 09:00:00,Store_1,1083,Bread,Beverages,Local,1,169.88,Partner_X,29,On-Time,0.87,8,10,0,169.88
83,2024-01-04 10:00:00,Store_2,1088,Milk,Dairy,Amul,2,21.99,Partner_Y,8,On-Time,2.68,38,10,0,43.98
84,2024-01-04 11:00:00,Store_1,1085,Bread,Dairy,Britannia,3,154.92,Partner_Z,10,On-Time,1.86,18,10,0,464.76
85,2024-01-04 12:00:00,Store_1,1012,Eggs,Snacks,Amul,2,156.56,Partner_Y,5,On-Time,3.04,37,10,0,313.12
86,2024-01-04 13:00:00,Store_2,1058,Snacks,Bakery,Britannia,2,142.11,Partner_Z,24,On-Time,4.12,5,10,0,284.22
87,2024-01-04 14:00:00,Store_3,1018,Milk,Dairy,Nestle,2,156.13,Partner_X,27,On-Time,1.12,46,10,0,312.26
88,2024-01-04 15:00:00,Store_1,1048,Milk,Bakery,Local,3,171.55,Partner_Z,20,On-Time,3.11,14,10,0,514.6500000000001
89,2024-01-04 16:00:00,Store_2,1099,Milk,Beverages,Local,4,104.66,Partner_X,19,On-Time,2.77,19,10,0,418.64
90,2024-01-04 17:00:00,Store_1,1011,Milk,Dairy,Local,2,110.37,Partner_X,21,On-Time,1.15,8,10,0,220.74
91,2024-01-04 18:00:00,Store_1,1060,Milk,Snacks,Nestle,2,42.45,Partner_Y,12,Late,3.31,31,10,0,84.9
92,2024-01-04 19:00:00,Store_1,1018,Bread,Beverages,Britannia,1,89.37,Partner_Y,16,On-Time,1.73,3,10,0,89.37
93,2024-01-04 20:00:00,Store_1,1075,Snacks,Beverages,Nestle,3,135.81,Partner_Y,26,On-Time,2.7,49,10,0,407.43
94,2024-01-04 21:00:00,Store_3,1008,Eggs,Snacks,Local,2,160.47,Partner_Y,25,On-Time,0.87,17,10,0,320.94
95,2024-01-04 22:00:00,Store_1,1070,Eggs,Dairy,Nestle,3,59.1,Partner_Z,14,Late,2.57,4,10,0,177.3
96,2024-01-04 23:00:00,Store_1,1027,Eggs,Dairy,Nestle,2,44.81,Partner_Z,19,On-Time,1.88,19,10,0,89.62
97,2024-01-05 00:00:00,Store_1,1077,Eggs,Beverages,Nestle,4,139.35,Partner_Z,13,On-Time,4.2,22,10,0,557.4
98,2024-01-05 01:00:00,Store_3,1094,Bread,Dairy,Britannia,4,20.34,Partner_X,6,On-Time,0.76,10,10,0,81.36
99,2024-01-05 02:00:00,Store_1,1051,Juice,Bakery,Amul,2,52.11,Partner_Z,9,On-Time,2.38,36,10,0,104.22
100,2024-01-05 03:00:00,Store_1,1082,Snacks,Snacks,Amul,4,25.23,Partner_Z,10,On-Time,2.56,21,10,0,100.92
101,2024-01-05 04:00:00,Store_3,1015,Milk,Bakery,Nestle,2,50.04,Partner_Z,11,On-Time,3.76,3,10,0,100.08
102,2024-01-05 05:00:00,Store_3,1068,Juice,Dairy,Amul,4,52.64,Partner_Y,25,On-Time,3.08,28,10,0,210.56
103,2024-01-05 06:00:00,Store_3,1098,Eggs,Beverages,Amul,1,89.78,Partner_Z,29,Late,3.5,43,10,0,89.78
104,2024-01-05 07:00:00,Store_1,1011,Juice,Snacks,Nestle,1,92.42,Partner_X,5,On-Time,4.0,33,10,0,92.42
105,2024-01-05 08:00:00,Store_3,1024,Snacks,Dairy,Nestle,1,177.37,Partner_Y,27,On-Time,4.38,12,10,0,177.37
106,2024-01-05 09:00:00,Store_3,1051,Milk,Dairy,Local,3,111.82,Partner_X,11,On-Time,1.91,41,10,1,335.46
107,2024-01-05 10:00:00,Store_1,1084,Milk,Beverages,Amul,3,150.21,Partner_Z,24,On-Time,2.92,8,10,0,450.63
108,2024-01-05 11:00:00,Store_3,1099,Snacks,Beverages,Britannia,1,38.74,Partner_Y,29,On-Time,4.28,41,10,0,38.74
109,2024-01-05 12:00:00,Store_1,1052,Snacks,Bakery,Nestle,3,60.58,Partner_X,16,On-Time,4.95,30,10,0,181.74
110,2024-01-05 13:00:00,Store_2,1022,Eggs,Snacks,Local,4,146.53,Partner_Z,20,On-Time,4.5,6,10,0,586.12
111,2024-01-05 14:00:00,Store_3,1015,Milk,Snacks,Britannia,2,29.5,Partner_X,20,Late,2.17,3,10,0,59.0
112,2024-01-05 15:00:00,Store_2,1056,Juice,Beverages,Amul,2,107.59,Partner_X,15,Late,1.38,18,10,0,215.18
113,2024-01-05 16:00:00,Store_1,1038,Bread,Bakery,Local,2,127.89,Partner_X,25,On-Time,2.7,41,10,0,255.78
114,2024-01-05 17:00:00,Store_3,1052,Bread,Snacks,Nestle,1,128.39,Partner_Z,8,On-Time,3.84,29,10,1,128.39
115,2024-01-05 18:00:00,Store_1,1041,Snacks,Beverages,Britannia,3,24.13,Partner_Z,17,Late,2.72,30,10,0,72.39
116,2024-01-05 19:00:00,Store_2,1057,Eggs,Dairy,Nestle,4,77.98,Partner_X,11,On-Time,2.67,34,10,0,311.92
117,2024-01-05 20:00:00,Store_1,1038,Bread,Snacks,Amul,4,134.57,Partner_Y,8,Late,4.27,20,10,0,538.28
118,2024-01-05 21:00:00,Store_3,1013,Milk,Bakery,Britannia,1,46.82,Partner_Y,19,On-Time,2.13,30,10,0,46.82
119,2024-01-05 22:00:00,Store_3,1094,Snacks,Bakery,Amul,4,145.17,Partner_Z,23,On-Time,4.37,18,10,0,580.68
120,2024-01-05 23:00:00,Store_2,1004,Juice,Bakery,Amul,4,154.27,Partner_Z,13,On-Time,2.33,30,10,0,617.08
121,2024-01-06 00:00:00,Store_1,1034,Snacks,Dairy,Local,4,196.75,Partner_Z,15,On-Time,1.98,31,10,0,787.0
122,2024-01-06 01:00:00,Store_3,1086,Juice,Snacks,Nestle,4,57.77,Partner_Z,12,On-Time,2.54,1,10,0,231.08
123,2024-01-06 02:00:00,Store_2,1092,Snacks,Snacks,Britannia,3,168.52,Partner_Z,5,On-Time,3.93,9,10,0,505.56000000000006
124,2024-01-06 03:00:00,Store_3,1074,Snacks,Dairy,Amul,4,113.65,Partner_Y,27,On-Time,1.07,1,10,1,454.6
125,2024-01-06 04:00:00,Store_3,1017,Snacks,Snacks,Amul,2,87.22,Partner_Z,29,On-Time,1.38,1,10,0,174.44
126,2024-01-06 05:00:00,Store_1,1075,Juice,Dairy,Britannia,1,42.03,Partner_X,28,On-Time,4.78,23,10,1,42.03
127,2024-01-06 06:00:00,Store_3,1008,Juice,Dairy,Amul,3,152.39,Partner_X,12,Late,1.29,16,10,0,457.16999999999996
128,2024-01-06 07:00:00,Store_1,1073,Snacks,Dairy,Local,4,62.45,Partner_Y,17,On-Time,3.05,31,10,0,249.8
129,2024-01-06 08:00:00,Store_3,1057,Bread,Bakery,Local,3,86.86,Partner_X,26,On-Time,3.11,15,10,0,260.58
130,2024-01-06 09:00:00,Store_2,1016,Eggs,Snacks,Local,4,31.26,Partner_Y,8,On-Time,2.7,15,10,0,125.04
131,2024-01-06 10:00:00,Store_3,1006,Eggs,Dairy,Local,2,164.25,Partner_Y,12,On-Time,3.4,45,10,0,328.5
132,2024-01-06 11:00:00,Store_1,1045,Eggs,Snacks,Amul,1,157.99,Partner_X,7,Late,1.53,38,10,0,157.99
133,2024-01-06 12:00:00,Store_1,1012,Juice,Bakery,Britannia,4,152.05,Partner_Z,13,On-Time,2.99,30,10,0,608.2
134,2024-01-06 13:00:00,Store_2,1039,Juice,Dairy,Britannia,4,73.9,Partner_X,6,On-Time,2.17,42,10,0,295.6
135,2024-01-06 14:00:00,Store_3,1041,Bread,Beverages,Britannia,4,51.23,Partner_X,6,On-Time,3.48,23,10,0,204.92
136,2024-01-06 15:00:00,Store_3,1008,Eggs,Bakery,Britannia,4,134.76,Partner_Y,17,On-Time,1.14,0,10,0,539.04
137,2024-01-06 16:00:00,Store_2,1049,Eggs,Beverages,Nestle,1,109.31,Partner_X,19,On-Time,3.07,10,10,0,109.31
138,2024-01-06 17:00:00,Store_3,1026,Snacks,Snacks,Britannia,1,52.09,Partner_Y,27,Late,1.33,20,10,0,52.09
139,2024-01-06 18:00:00,Store_3,1065,Juice,Snacks,Nestle,2,143.46,Partner_Z,16,On-Time,1.75,3,10,0,286.92
140,2024-01-06 19:00:00,Store_1,1004,Eggs,Bakery,Nestle,1,198.4,Partner_Z,8,On-Time,1.48,6,10,0,198.4
141,2024-01-06 20:00:00,Store_3,1028,Bread,Snacks,Local,4,154.5,Partner_Z,12,On-Time,1.32,25,10,1,618.0
142,2024-01-06 21:00:00,Store_3,1036,Bread,Beverages,Nestle,2,153.2,Partner_X,13,On-Time,4.22,46,10,0,306.4
143,2024-01-06 22:00:00,Store_2,1037,Eggs,Dairy,Amul,2,191.06,Partner_Y,27,On-Time,1.79,49,10,0,382.12
144,2024-01-06 23:00:00,Store_2,1082,Juice,Dairy,Nestle,2,56.53,Partner_Z,9,On-Time,4.67,11,10,0,113.06
145,2024-01-07 00:00:00,Store_1,1007,Bread,Dairy,Local,4,121.8,Partner_Y,28,On-Time,4.86,30,10,0,487.2
146,2024-01-07 01:00:00,Store_3,1064,Snacks,Bakery,Nestle,3,196.34,Partner_Y,24,On-Time,3.07,16,10,0,589.02
147,2024-01-07 02:00:00,Store_3,1085,Bread,Snacks,Amul,4,49.75,Partner_Z,22,On-Time,1.14,32,10,0,199.0
148,2024-01-07 03:00:00,Store_3,1016,Milk,Beverages,Amul,1,146.05,Partner_Z,15,On-Time,2.19,10,10,0,146.05
149,2024-01-07 04:00:00,Store_1,1070,Milk,Snacks,Amul,1,125.45,Partner_Y,19,On-Time,4.09,27,10,0,125.45
150,2024-01-07 05:00:00,Store_1,1088,Juice,Snacks,Local,4,125.57,Partner_Z,26,On-Time,2.15,31,10,0,502.28
151,2024-01-07 06:00:00,Store_2,1044,Eggs,Snacks,Local,4,145.58,Partner_Y,13,Late,0.89,0,10,0,582.32
152,2024-01-07 07:00:00,Store_1,1003,Juice,Dairy,Britannia,2,187.33,Partner_Y,21,On-Time,3.01,46,10,0,374.66
153,2024-01-07 08:00:00,Store_3,1035,Juice,Beverages,Local,4,160.86,Partner_Z,16,On-Time,4.3,27,10,0,643.44
154,2024-01-07 09:00:00,Store_3,1069,Juice,Beverages,Amul,2,30.1,Partner_X,11,On-Time,4.08,41,10,0,60.2
155,2024-01-07 10:00:00,Store_1,1030,Juice,Snacks,Amul,1,173.49,Partner_Z,14,On-Time,1.29,6,10,0,173.49
156,2024-01-07 11:00:00,Store_3,1018,Snacks,Dairy,Local,2,60.6,Partner_X,29,On-Time,3.53,1,10,0,121.2
157,2024-01-07 12:00:00,Store_3,1060,Snacks,Dairy,Nestle,4,87.84,Partner_Y,29,On-Time,1.49,41,10,0,351.36
158,2024-01-07 13:00:00,Store_1,1053,Bread,Beverages,Local,1,103.11,Partner_Y,14,On-Time,1.48,23,10,1,103.11
159,2024-01-07 14:00:00,Store_1,1038,Milk,Dairy,Local,3,106.56,Partner_X,17,On-Time,4.43,3,10,0,319.68
160,2024-01-07 15:00:00,Store_3,1090,Juice,Dairy,Amul,2,98.33,Partner_Y,23,On-Time,1.62,43,10,0,196.66
161,2024-01-07 16:00:00,Store_3,1073,Bread,Dairy,Britannia,1,188.72,Partner_X,15,On-Time,1.68,18,10,0,188.72
162,2024-01-07 17:00:00,Store_3,1089,Milk,Bakery,Amul,2,147.08,Partner_X,17,On-Time,0.5,25,10,0,294.16
163,2024-01-07 18:00:00,Store_2,1018,Eggs,Snacks,Britannia,1,133.61,Partner_Y,25,On-Time,4.42,10,10,0,133.61
164,2024-01-07 19:00:00,Store_2,1038,Snacks,Beverages,Amul,1,28.97,Partner_X,12,Late,4.07,39,10,0,28.97
165,2024-01-07 20:00:00,Store_2,1066,Milk,Beverages,Local,2,182.7,Partner_Z,12,On-Time,3.32,49,10,1,365.4
166,2024-01-07 21:00:00,Store_1,1044,Eggs,Bakery,Amul,3,183.69,Partner_Z,8,On-Time,3.88,42,10,0,551.0699999999999
167,2024-01-07 22:00:00,Store_2,1012,Milk,Snacks,Amul,1,160.44,Partner_Y,19,On-Time,1.18,10,10,0,160.44
168,2024-01-07 23:00:00,Store_1,1091,Snacks,Beverages,Amul,1,21.27,Partner_Y,15,Late,2.56,44,10,0,21.27
169,2024-01-08 00:00:00,Store_1,1057,Snacks,Dairy,Local,1,30.31,Partner_X,15,On-Time,2.08,2,10,0,30.31
170,2024-01-08 01:00:00,Store_2,1019,Bread,Beverages,Local,3,60.54,Partner_X,5,On-Time,0.92,11,10,0,181.62
171,2024-01-08 02:00:00,Store_2,1091,Juice,Dairy,Local,3,43.64,Partner_X,21,On-Time,2.69,2,10,0,130.92000000000002
172,2024-01-08 03:00:00,Store_2,1071,Milk,Bakery,Local,4,91.79,Partner_X,19,On-Time,4.64,41,10,0,367.16
173,2024-01-08 04:00:00,Store_3,1060,Milk,Dairy,Britannia,2,186.07,Partner_Z,24,On-Time,0.68,26,10,0,372.14
174,2024-01-08 05:00:00,Store_2,1038,Eggs,Beverages,Britannia,3,104.97,Partner_Z,10,On-Time,1.81,48,10,0,314.90999999999997
175,2024-01-08 06:00:00,Store_3,1000,Snacks,Beverages,Nestle,2,22.41,Partner_Y,28,On-Time,1.43,1,10,0,44.82
176,2024-01-08 07:00:00,Store_1,1002,Milk,Beverages,Local,4,70.89,Partner_X,26,On-Time,1.57,48,10,0,283.56
177,2024-01-08 08:00:00,Store_3,1076,Snacks,Bakery,Britannia,2,28.03,Partner_X,29,Late,4.59,15,10,0,56.06
178,2024-01-08 09:00:00,Store_2,1091,Milk,Bakery,Amul,3,26.53,Partner_Y,19,On-Time,2.61,1,10,0,79.59
179,2024-01-08 10:00:00,Store_1,1061,Bread,Snacks,Local,2,69.63,Partner_X,13,On-Time,2.6,29,10,0,139.26
180,2024-01-08 11:00:00,Store_1,1062,Juice,Beverages,Nestle,3,69.61,Partner_X,18,On-Time,3.92,19,10,0,208.82999999999998
181,2024-01-08 12:00:00,Store_1,1024,Milk,Dairy,Nestle,2,161.68,Partner_X,22,On-Time,1.2,37,10,0,323.36
182,2024-01-08 13:00:00,Store_3,1055,Snacks,Bakery,Nestle,3,195.47,Partner_X,21,Late,2.69,27,10,1,586.41
183,2024-01-08 14:00:00,Store_2,1032,Bread,Beverages,Amul,3,86.82,Partner_X,22,On-Time,2.43,24,10,0,260.46
184,2024-01-08 15:00:00,Store_1,1037,Milk,Beverages,Britannia,2,97.2,Partner_Y,9,On-Time,3.19,31,10,0,194.4
185,2024-01-08 16:00:00,Store_1,1005,Eggs,Bakery,Amul,4,172.06,Partner_X,24,On-Time,5.0,9,10,0,688.24
186,2024-01-08 17:00:00,Store_1,1057,Juice,Snacks,Local,1,68.27,Partner_Y,24,On-Time,3.96,41,10,0,68.27
187,2024-01-08 18:00:00,Store_3,1043,Milk,Bakery,Nestle,4,48.15,Partner_X,13,On-Time,2.29,39,10,0,192.6
188,2024-01-08 19:00:00,Store_3,1044,Bread,Bakery,Amul,2,173.56,Partner_Z,15,On-Time,4.22,32,10,1,347.12
189,2024-01-08 20:00:00,Store_2,1031,Eggs,Dairy,Amul,4,28.37,Partner_Z,28,On-Time,1.27,12,10,0,113.48
190,2024-01-08 21:00:00,Store_3,1044,Bread,Dairy,Britannia,3,131.55,Partner_Z,26,On-Time,0.64,40,10,0,394.65000000000003
191,2024-01-08 22:00:00,Store_1,1060,Bread,Snacks,Britannia,1,121.16,Partner_Z,5,On-Time,1.42,41,10,1,121.16
192,2024-01-08 23:00:00,Store_2,1046,Eggs,Beverages,Nestle,2,82.27,Partner_Y,22,Late,2.03,46,10,0,164.54
193,2024-01-09 00:00:00,Store_1,1020,Bread,Bakery,Amul,2,76.73,Partner_Y,10,On-Time,2.8,36,10,0,153.46
194,2024-01-09 01:00:00,Store_1,1079,Eggs,Snacks,Amul,2,158.93,Partner_X,6,On-Time,3.27,15,10,0,317.86
195,2024-01-09 02:00:00,Store_3,1084,Milk,Dairy,Britannia,1,35.56,Partner_Z,19,On-Time,4.6,44,10,0,35.56
196,2024-01-09 03:00:00,Store_2,1074,Eggs,Bakery,Amul,3,62.62,Partner_Y,25,On-Time,2.79,21,10,0,187.85999999999999
197,2024-01-09 04:00:00,Store_3,1035,Eggs,Beverages,Amul,2,151.84,Partner_X,18,On-Time,2.76,19,10,0,303.68
198,2024-01-09 05:00:00,Store_3,1098,Juice,Dairy,Amul,4,118.7,Partner_X,9,On-Time,0.73,49,10,0,474.8
199,2024-01-09 06:00:00,Store_2,1018,Eggs,Dairy,Britannia,2,43.04,Partner_Y,10,On-Time,0.66,42,10,0,86.08
200,2024-01-09 07:00:00,Store_1,1019,Eggs,Dairy,Nestle,2,178.78,Partner_Z,10,On-Time,2.98,26,10,0,357.56
201,2024-01-09 08:00:00,Store_1,1056,Milk,Snacks,Local,2,90.82,Partner_X,26,On-Time,2.47,40,10,0,181.64
202,2024-01-09 09:00:00,Store_2,1017,Juice,Beverages,Nestle,2,169.02,Partner_Z,22,Late,4.28,15,10,0,338.04
203,2024-01-09 10:00:00,Store_1,1046,Snacks,Bakery,Local,3,161.79,Partner_Z,18,On-Time,1.22,33,10,0,485.37
204,2024-01-09 11:00:00,Store_2,1048,Milk,Snacks,Amul,4,132.4,Partner_Z,14,On-Time,0.61,31,10,0,529.6
205,2024-01-09 12:00:00,Store_2,1013,Milk,Snacks,Nestle,3,109.01,Partner_X,18,On-Time,2.52,25,10,0,327.03000000000003
206,2024-01-09 13:00:00,Store_3,1014,Snacks,Snacks,Local,4,196.32,Partner_Z,17,On-Time,1.57,24,10,0,785.28
207,2024-01-09 14:00:00,Store_2,1030,Eggs,Dairy,Britannia,2,46.09,Partner_X,7,On-Time,0.72,1,10,0,92.18
208,2024-01-09 15:00:00,Store_3,1000,Bread,Beverages,Britannia,1,150.53,Partner_Z,10,On-Time,3.76,11,10,0,150.53
209,2024-01-09 16:00:00,Store_1,1053,Juice,Snacks,Nestle,3,54.41,Partner_X,12,On-Time,1.0,39,10,0,163.23
210,2024-01-09 17:00:00,Store_1,1002,Bread,Bakery,Nestle,1,80.89,Partner_Z,16,On-Time,3.24,8,10,0,80.89
211,2024-01-09 18:00:00,Store_1,1015,Snacks,Beverages,Amul,3,75.57,Partner_Y,17,On-Time,1.76,11,10,0,226.70999999999998
212,2024-01-09 19:00:00,Store_1,1086,Milk,Bakery,Nestle,2,190.47,Partner_Z,15,On-Time,1.28,25,10,0,380.94
213,2024-01-09 20:00:00,Store_3,1056,Milk,Beverages,Amul,3,194.12,Partner_Z,16,Late,2.21,8,10,0,582.36
214,2024-01-09 21:00:00,Store_1,1074,Juice,Bakery,Amul,2,52.94,Partner_X,5,On-Time,4.11,9,10,0,105.88
215,2024-01-09 22:00:00,Store_2,1011,Milk,Dairy,Britannia,3,23.97,Partner_X,21,On-Time,2.26,31,10,0,71.91
216,2024-01-09 23:00:00,Store_2,1073,Milk,Snacks,Britannia,2,149.6,Partner_Z,20,On-Time,3.88,33,10,0,299.2
217,2024-01-10 00:00:00,Store_2,1095,Juice,Bakery,Local,2,95.24,Partner_Y,15,On-Time,1.06,47,10,0,190.48
218,2024-01-10 01:00:00,Store_3,1015,Juice,Beverages,Britannia,4,35.99,Partner_Y,17,On-Time,3.98,19,10,0,143.96
219,2024-01-10 02:00:00,Store_1,1071,Snacks,Snacks,Britannia,2,143.08,Partner_X,22,On-Time,1.57,38,10,0,286.16
220,2024-01-10 03:00:00,Store_1,1075,Milk,Snacks,Nestle,4,118.12,Partner_Y,15,On-Time,3.55,1,10,0,472.48
221,2024-01-10 04:00:00,Store_1,1023,Milk,Beverages,Britannia,2,196.49,Partner_Z,16,On-Time,3.05,0,10,0,392.98
222,2024-01-10 05:00:00,Store_3,1027,Snacks,Bakery,Local,1,60.93,Partner_X,10,On-Time,4.68,35,10,0,60.93
223,2024-01-10 06:00:00,Store_2,1007,Eggs,Dairy,Nestle,2,92.72,Partner_Z,13,On-Time,2.24,23,10,0,185.44
224,2024-01-10 07:00:00,Store_2,1091,Eggs,Dairy,Local,1,117.66,Partner_X,20,On-Time,0.8,26,10,0,117.66
225,2024-01-10 08:00:00,Store_1,1035,Eggs,Bakery,Britannia,1,162.51,Partner_X,8,On-Time,0.59,1,10,0,162.51
226,2024-01-10 09:00:00,Store_2,1089,Snacks,Snacks,Local,2,118.79,Partner_X,7,On-Time,4.22,30,10,0,237.58
227,2024-01-10 10:00:00,Store_2,1007,Milk,Snacks,Nestle,1,130.32,Partner_X,20,Late,2.86,13,10,0,130.32
228,2024-01-10 11:00:00,Store_3,1057,Snacks,Snacks,Amul,4,60.71,Partner_Y,28,Late,3.99,1,10,0,242.84
229,2024-01-10 12:00:00,Store_3,1059,Snacks,Snacks,Local,3,172.45,Partner_Z,29,On-Time,1.55,28,10,1,517.3499999999999
230,2024-01-10 13:00:00,Store_3,1049,Eggs,Bakery,Local,2,97.15,Partner_Z,16,On-Time,2.05,14,10,0,194.3
231,2024-01-10 14:00:00,Store_3,1027,Bread,Snacks,Nestle,1,45.37,Partner_Z,15,On-Time,0.64,11,10,0,45.37
232,2024-01-10 15:00:00,Store_1,1091,Milk,Beverages,Nestle,2,139.55,Partner_X,9,Late,4.83,36,10,0,279.1
233,2024-01-10 16:00:00,Store_3,1040,Eggs,Snacks,Local,4,58.9,Partner_Y,29,Late,3.51,27,10,0,235.6
234,2024-01-10 17:00:00,Store_2,1099,Bread,Dairy,Britannia,2,37.56,Partner_Z,22,On-Time,4.7,19,10,0,75.12
235,2024-01-10 18:00:00,Store_1,1063,Bread,Snacks,Local,2,175.16,Partner_Y,23,On-Time,1.69,38,10,0,350.32
236,2024-01-10 19:00:00,Store_2,1026,Juice,Bakery,Nestle,1,102.83,Partner_X,27,On-Time,3.25,23,10,0,102.83
237,2024-01-10 20:00:00,Store_2,1062,Milk,Dairy,Amul,4,154.87,Partner_Z,27,On-Time,3.55,20,10,0,619.48
238,2024-01-10 21:00:00,Store_2,1016,Bread,Bakery,Amul,3,72.31,Partner_Y,10,On-Time,1.93,9,10,0,216.93
239,2024-01-10 22:00:00,Store_3,1072,Eggs,Bakery,Britannia,3,161.65,Partner_X,26,Late,4.32,45,10,0,484.95000000000005
240,2024-01-10 23:00:00,Store_3,1032,Juice,Dairy,Local,1,40.15,Partner_Y,22,On-Time,4.76,13,10,0,40.15
241,2024-01-11 00:00:00,Store_1,1083,Milk,Bakery,Amul,2,84.08,Partner_Z,10,On-Time,4.48,36,10,0,168.16
242,2024-01-11 01:00:00,Store_1,1076,Snacks,Bakery,Local,1,196.05,Partner_Z,8,Late,3.83,17,10,0,196.05
243,2024-01-11 02:00:00,Store_3,1091,Eggs,Snacks,Nestle,1,162.92,Partner_X,16,On-Time,1.75,23,10,0,162.92
244,2024-01-11 03:00:00,Store_2,1028,Bread,Beverages,Amul,1,109.51,Partner_X,23,On-Time,1.77,13,10,0,109.51
245,2024-01-11 04:00:00,Store_1,1012,Bread,Bakery,Britannia,2,81.16,Partner_X,6,On-Time,4.84,33,10,0,162.32
246,2024-01-11 05:00:00,Store_3,1045,Eggs,Bakery,Nestle,4,176.98,Partner_Y,21,On-Time,0.55,11,10,0,707.92
247,2024-01-11 06:00:00,Store_3,1034,Bread,Bakery,Britannia,1,118.07,Partner_Y,15,On-Time,3.72,21,10,0,118.07
248,2024-01-11 07:00:00,Store_3,1005,Juice,Snacks,Nestle,2,156.52,Partner_Y,15,On-Time,3.68,5,10,0,313.04
249,2024-01-11 08:00:00,Store_2,1081,Milk,Beverages,Amul,4,155.74,Partner_X,25,On-Time,3.3,35,10,0,622.96
250,2024-01-11 09:00:00,Store_3,1068,Juice,Dairy,Britannia,1,23.23,Partner_Z,20,On-Time,4.96,44,10,0,23.23
251,2024-01-11 10:00:00,Store_3,1046,Bread,Snacks,Britannia,3,42.73,Partner_Z,6,On-Time,1.9,35,10,0,128.19
252,2024-01-11 11:00:00,Store_3,1024,Snacks,Snacks,Nestle,4,138.73,Partner_Y,6,On-Time,2.03,21,10,0,554.92
253,2024-01-11 12:00:00,Store_3,1065,Milk,Beverages,Britannia,1,49.09,Partner_Y,27,On-Time,0.86,13,10,0,49.09
254,2024-01-11 13:00:00,Store_1,1009,Milk,Beverages,Nestle,4,65.99,Partner_Z,12,On-Time,2.49,15,10,0,263.96
255,2024-01-11 14:00:00,Store_1,1055,Eggs,Snacks,Nestle,4,190.39,Partner_Z,17,On-Time,1.67,35,10,0,761.56
256,2024-01-11 15:00:00,Store_3,1029,Eggs,Dairy,Nestle,4,120.83,Partner_Y,14,On-Time,2.05,24,10,0,483.32
257,2024-01-11 16:00:00,Store_2,1004,Snacks,Snacks,Nestle,4,155.13,Partner_Y,12,On-Time,4.26,31,10,0,620.52
258,2024-01-11 17:00:00,Store_1,1032,Milk,Beverages,Amul,4,120.44,Partner_Z,8,On-Time,4.71,32,10,0,481.76
259,2024-01-11 18:00:00,Store_3,1064,Snacks,Dairy,Nestle,4,119.45,Partner_X,19,On-Time,1.34,44,10,0,477.8
260,2024-01-11 19:00:00,Store_1,1017,Eggs,Beverages,Local,1,36.95,Partner_Y,5,On-Time,2.18,35,10,0,36.95
261,2024-01-11 20:00:00,Store_1,1095,Eggs,Dairy,Britannia,3,81.86,Partner_Z,15,Late,4.68,19,10,0,245.57999999999998
262,2024-01-11 21:00:00,Store_2,1048,Milk,Bakery,Local,2,70.84,Partner_Z,11,On-Time,0.78,17,10,0,141.68
263,2024-01-11 22:00:00,Store_3,1010,Juice,Beverages,Amul,4,90.33,Partner_Z,21,On-Time,0.92,37,10,0,361.32
264,2024-01-11 23:00:00,Store_3,1084,Bread,Beverages,Local,2,163.7,Partner_Z,24,On-Time,1.23,2,10,0,327.4
265,2024-01-12 00:00:00,Store_2,1025,Eggs,Snacks,Britannia,1,86.95,Partner_X,28,On-Time,3.18,22,10,0,86.95
266,2024-01-12 01:00:00,Store_2,1062,Eggs,Beverages,Local,4,101.31,Partner_Z,22,On-Time,1.18,31,10,0,405.24
267,2024-01-12 02:00:00,Store_3,1088,Juice,Beverages,Amul,3,91.53,Partner_Y,26,On-Time,4.86,44,10,0,274.59000000000003
268,2024-01-12 03:00:00,Store_3,1085,Juice,Bakery,Nestle,2,36.81,Partner_X,26,On-Time,2.51,15,10,0,73.62
269,2024-01-12 04:00:00,Store_2,1058,Snacks,Beverages,Local,4,99.39,Partner_Z,16,On-Time,2.76,4,10,0,397.56
270,2024-01-12 05:00:00,Store_1,1026,Snacks,Bakery,Amul,1,55.21,Partner_X,13,On-Time,1.61,3,10,1,55.21
271,2024-01-12 06:00:00,Store_1,1048,Bread,Bakery,Amul,3,53.61,Partner_Y,9,On-Time,2.62,20,10,0,160.82999999999998
272,2024-01-12 07:00:00,Store_2,1076,Bread,Bakery,Britannia,2,36.93,Partner_Z,14,On-Time,3.48,39,10,0,73.86
273,2024-01-12 08:00:00,Store_1,1032,Milk,Bakery,Britannia,2,84.2,Partner_Y,8,Late,3.88,13,10,0,168.4
274,2024-01-12 09:00:00,Store_2,1097,Snacks,Dairy,Local,4,156.35,Partner_Z,9,On-Time,3.89,38,10,0,625.4
275,2024-01-12 10:00:00,Store_1,1098,Eggs,Snacks,Nestle,3,69.76,Partner_Z,14,On-Time,3.1,30,10,0,209.28000000000003
276,2024-01-12 11:00:00,Store_1,1000,Snacks,Dairy,Amul,3,76.22,Partner_Z,15,On-Time,4.57,13,10,0,228.66
277,2024-01-12 12:00:00,Store_3,1020,Eggs,Beverages,Local,3,135.68,Partner_Z,25,On-Time,4.18,5,10,0,407.04
278,2024-01-12 13:00:00,Store_3,1054,Juice,Dairy,Amul,3,55.25,Partner_Z,28,On-Time,3.91,11,10,1,165.75
279,2024-01-12 14:00:00,Store_1,1005,Snacks,Dairy,Amul,1,181.45,Partner_X,14,On-Time,0.75,15,10,1,181.45
280,2024-01-12 15:00:00,Store_1,1091,Juice,Beverages,Nestle,3,113.63,Partner_Z,12,On-Time,0.53,16,10,0,340.89
281,2024-01-12 16:00:00,Store_3,1080,Bread,Beverages,Nestle,2,100.57,Partner_Z,6,On-Time,1.46,44,10,0,201.14
282,2024-01-12 17:00:00,Store_3,1068,Bread,Beverages,Local,2,120.41,Partner_X,27,On-Time,3.49,22,10,0,240.82
283,2024-01-12 18:00:00,Store_3,1094,Milk,Dairy,Nestle,1,49.89,Partner_X,12,On-Time,2.35,13,10,0,49.89
284,2024-01-12 19:00:00,Store_2,1004,Snacks,Dairy,Nestle,2,130.43,Partner_X,20,Late,2.31,6,10,0,260.86
285,2024-01-12 20:00:00,Store_1,1002,Juice,Beverages,Local,2,85.36,Partner_X,26,On-Time,4.48,45,10,0,170.72
286,2024-01-12 21:00:00,Store_3,1052,Eggs,Snacks,Nestle,3,181.49,Partner_X,9,On-Time,4.53,31,10,0,544.47
287,2024-01-12 22:00:00,Store_1,1022,Bread,Snacks,Britannia,2,50.39,Partner_X,29,On-Time,4.59,14,10,0,100.78
288,2024-01-12 23:00:00,Store_2,1052,Bread,Bakery,Amul,1,111.27,Partner_Z,7,On-Time,1.91,43,10,0,111.27
289,2024-01-13 00:00:00,Store_2,1036,Eggs,Beverages,Amul,3,127.66,Partner_Z,16,On-Time,3.61,16,10,0,382.98
290,2024-01-13 01:00:00,Store_3,1073,Juice,Bakery,Amul,4,26.01,Partner_Y,17,On-Time,1.72,40,10,0,104.04
291,2024-01-13 02:00:00,Store_2,1073,Juice,Snacks,Amul,3,85.46,Partner_Z,17,On-Time,1.36,46,10,0,256.38
292,2024-01-13 03:00:00,Store_1,1082,Snacks,Bakery,Local,1,151.87,Partner_Z,14,On-Time,1.33,43,10,0,151.87
293,2024-01-13 04:00:00,Store_3,1016,Snacks,Beverages,Amul,3,167.67,Partner_X,8,On-Time,2.04,33,10,0,503.01
294,2024-01-13 05:00:00,Store_1,1084,Milk,Beverages,Amul,3,76.37,Partner_X,13,On-Time,2.43,4,10,0,229.11
295,2024-01-13 06:00:00,Store_1,1077,Bread,Beverages,Amul,1,163.75,Partner_Z,26,Late,4.24,44,10,0,163.75
296,2024-01-13 07:00:00,Store_2,1072,Snacks,Dairy,Amul,3,194.2,Partner_Y,28,On-Time,1.04,26,10,0,582.5999999999999
297,2024-01-13 08:00:00,Store_2,1000,Juice,Bakery,Britannia,1,174.24,Partner_X,27,On-Time,3.81,22,10,0,174.24
298,2024-01-13 09:00:00,Store_2,1050,Eggs,Snacks,Amul,1,41.18,Partner_Z,6,On-Time,2.89,39,10,1,41.18
299,2024-01-13 10:00:00,Store_2,1044,Juice,Snacks,Britannia,4,153.15,Partner_Z,23,On-Time,1.8,13,10,0,612.6
300,2024-01-13 11:00:00,Store_2,1076,Bread,Snacks,Local,2,77.54,Partner_Y,5,On-Time,2.72,14,10,1,155.08
301,2024-01-13 12:00:00,Store_3,1003,Juice,Dairy,Nestle,2,197.91,Partner_Y,29,On-Time,1.85,42,10,0,395.82
302,2024-01-13 13:00:00,Store_1,1061,Milk,Dairy,Amul,3,107.36,Partner_X,11,On-Time,3.18,32,10,0,322.08
303,2024-01-13 14:00:00,Store_1,1064,Bread,Beverages,Nestle,3,42.04,Partner_Y,21,On-Time,2.45,30,10,0,126.12
304,2024-01-13 15:00:00,Store_1,1031,Eggs,Snacks,Nestle,4,150.53,Partner_Z,7,On-Time,1.24,34,10,0,602.12
305,2024-01-13 16:00:00,Store_1,1033,Milk,Dairy,Local,4,78.14,Partner_Z,24,On-Time,1.02,16,10,1,312.56
306,2024-01-13 17:00:00,Store_2,1091,Bread,Beverages,Nestle,4,199.47,Partner_Y,24,On-Time,2.96,27,10,0,797.88
307,2024-01-13 18:00:00,Store_1,1094,Eggs,Snacks,Britannia,1,196.36,Partner_Y,25,On-Time,4.56,18,10,0,196.36
308,2024-01-13 19:00:00,Store_3,1071,Milk,Bakery,Nestle,4,138.1,Partner_Y,7,On-Time,2.05,45,10,0,552.4
309,2024-01-13 20:00:00,Store_3,1038,Milk,Beverages,Nestle,4,43.37,Partner_Y,7,On-Time,3.8,22,10,0,173.48
310,2024-01-13 21:00:00,Store_1,1025,Bread,Dairy,Nestle,3,143.63,Partner_X,21,On-Time,3.46,31,10,0,430.89
311,2024-01-13 22:00:00,Store_1,1033,Snacks,Dairy,Amul,4,36.75,Partner_Y,11,On-Time,4.69,39,10,0,147.0
312,2024-01-13 23:00:00,Store_3,1053,Milk,Beverages,Amul,1,25.29,Partner_X,18,On-Time,4.19,12,10,0,25.29
313,2024-01-14 00:00:00,Store_3,1002,Milk,Beverages,Britannia,1,168.13,Partner_Z,21,On-Time,3.05,19,10,0,168.13
314,2024-01-14 01:00:00,Store_2,1049,Eggs,Dairy,Britannia,3,57.76,Partner_Y,22,On-Time,3.46,34,10,0,173.28
315,2024-01-14 02:00:00,Store_3,1011,Juice,Bakery,Amul,4,88.22,Partner_X,17,On-Time,4.54,4,10,0,352.88
316,2024-01-14 03:00:00,Store_2,1064,Bread,Snacks,Britannia,4,195.22,Partner_Y,24,On-Time,2.3,8,10,0,780.88
317,2024-01-14 04:00:00,Store_2,1053,Bread,Bakery,Amul,1,80.63,Partner_Z,24,On-Time,1.97,28,10,0,80.63
318,2024-01-14 05:00:00,Store_2,1004,Snacks,Beverages,Local,4,73.37,Partner_Z,25,Late,0.55,5,10,0,293.48
319,2024-01-14 06:00:00,Store_2,1093,Snacks,Bakery,Nestle,4,185.28,Partner_Z,22,Late,4.22,24,10,0,741.12
320,2024-01-14 07:00:00,Store_2,1093,Bread,Dairy,Nestle,4,39.93,Partner_Y,8,On-Time,4.1,30,10,0,159.72
321,2024-01-14 08:00:00,Store_1,1056,Snacks,Beverages,Britannia,2,156.72,Partner_Y,5,On-Time,0.97,21,10,0,313.44
322,2024-01-14 09:00:00,Store_3,1016,Eggs,Snacks,Amul,3,197.85,Partner_X,22,On-Time,3.1,1,10,0,593.55
323,2024-01-14 10:00:00,Store_2,1046,Bread,Dairy,Amul,2,182.23,Partner_Z,5,On-Time,2.59,44,10,0,364.46
324,2024-01-14 11:00:00,Store_3,1022,Snacks,Dairy,Britannia,3,137.3,Partner_Y,17,Late,1.03,4,10,0,411.90000000000003
325,2024-01-14 12:00:00,Store_3,1078,Bread,Snacks,Amul,1,76.53,Partner_Z,24,On-Time,4.91,26,10,0,76.53
326,2024-01-14 13:00:00,Store_2,1084,Juice,Snacks,Local,4,65.78,Partner_Z,24,On-Time,1.47,24,10,0,263.12
327,2024-01-14 14:00:00,Store_1,1013,Milk,Bakery,Nestle,3,167.47,Partner_X,27,Late,0.8,7,10,0,502.40999999999997
328,2024-01-14 15:00:00,Store_2,1065,Bread,Beverages,Britannia,2,178.37,Partner_X,14,On-Time,3.18,0,10,1,356.74
329,2024-01-14 16:00:00,Store_1,1074,Milk,Snacks,Britannia,4,114.58,Partner_X,15,On-Time,3.82,19,10,0,458.32
330,2024-01-14 17:00:00,Store_3,1050,Snacks,Snacks,Amul,1,63.98,Partner_X,13,Late,0.65,43,10,0,63.98
331,2024-01-14 18:00:00,Store_1,1037,Milk,Beverages,Britannia,3,40.33,Partner_Z,13,On-Time,3.46,22,10,0,120.99
332,2024-01-14 19:00:00,Store_1,1063,Bread,Snacks,Local,3,35.69,Partner_X,9,On-Time,2.9,31,10,0,107.07
333,2024-01-14 20:00:00,Store_1,1097,Juice,Snacks,Amul,3,149.43,Partner_X,5,On-Time,0.96,10,10,0,448.29
334,2024-01-14 21:00:00,Store_3,1037,Snacks,Bakery,Amul,4,95.62,Partner_X,21,On-Time,1.28,38,10,0,382.48
335,2024-01-14 22:00:00,Store_3,1049,Bread,Dairy,Amul,2,182.96,Partner_X,26,On-Time,3.06,46,10,0,365.92
336,2024-01-14 23:00:00,Store_1,1097,Snacks,Dairy,Amul,2,153.14,Partner_Z,6,On-Time,1.83,23,10,0,306.28
337,2024-01-15 00:00:00,Store_1,1081,Eggs,Dairy,Local,3,54.43,Partner_X,28,Late,4.72,10,10,0,163.29
338,2024-01-15 01:00:00,Store_2,1029,Milk,Dairy,Amul,1,130.48,Partner_Z,17,On-Time,4.18,28,10,0,130.48
339,2024-01-15 02:00:00,Store_1,1078,Eggs,Snacks,Britannia,1,98.39,Partner_Y,13,On-Time,4.93,25,10,0,98.39
340,2024-01-15 03:00:00,Store_2,1090,Bread,Beverages,Local,2,123.9,Partner_Z,8,On-Time,1.67,15,10,0,247.8
341,2024-01-15 04:00:00,Store_1,1050,Juice,Beverages,Nestle,1,152.85,Partner_Z,9,On-Time,4.86,34,10,0,152.85
342,2024-01-15 05:00:00,Store_2,1062,Snacks,Bakery,Nestle,2,165.12,Partner_X,15,On-Time,2.44,19,10,0,330.24
343,2024-01-15 06:00:00,Store_3,1097,Milk,Bakery,Britannia,3,171.87,Partner_Y,28,On-Time,2.06,45,10,0,515.61
344,2024-01-15 07:00:00,Store_1,1051,Snacks,Snacks,Britannia,2,65.72,Partner_Y,23,On-Time,0.73,2,10,1,131.44
345,2024-01-15 08:00:00,Store_1,1037,Bread,Beverages,Local,2,25.6,Partner_Y,25,On-Time,0.74,0,10,0,51.2
346,2024-01-15 09:00:00,Store_1,1096,Snacks,Beverages,Nestle,3,153.07,Partner_Y,7,On-Time,3.61,46,10,0,459.21
347,2024-01-15 10:00:00,Store_1,1087,Milk,Dairy,Nestle,1,39.14,Partner_Z,16,On-Time,2.56,0,10,0,39.14
348,2024-01-15 11:00:00,Store_2,1078,Bread,Snacks,Nestle,2,76.69,Partner_Y,23,On-Time,1.52,16,10,0,153.38
349,2024-01-15 12:00:00,Store_1,1029,Snacks,Snacks,Nestle,2,20.69,Partner_Z,23,On-Time,3.26,1,10,0,41.38
350,2024-01-15 13:00:00,Store_3,1050,Juice,Dairy,Nestle,3,142.7,Partner_Z,17,On-Time,1.64,28,10,0,428.09999999999997
351,2024-01-15 14:00:00,Store_3,1080,Bread,Snacks,Amul,1,50.08,Partner_Z,11,On-Time,3.1,19,10,0,50.08
352,2024-01-15 15:00:00,Store_1,1004,Bread,Snacks,Britannia,2,137.95,Partner_Y,19,On-Time,2.12,5,10,0,275.9
353,2024-01-15 16:00:00,Store_3,1028,Juice,Bakery,Amul,3,198.51,Partner_X,27,On-Time,4.21,7,10,0,595.53
354,2024-01-15 17:00:00,Store_1,1003,Eggs,Beverages,Nestle,2,33.08,Partner_X,11,On-Time,4.19,28,10,0,66.16
355,2024-01-15 18:00:00,Store_1,1009,Milk,Snacks,Local,4,33.87,Partner_Y,12,On-Time,2.65,47,10,1,135.48
356,2024-01-15 19:00:00,Store_3,1055,Eggs,Bakery,Local,3,81.27,Partner_X,9,On-Time,2.08,32,10,0,243.81
357,2024-01-15 20:00:00,Store_1,1016,Snacks,Beverages,Nestle,1,175.95,Partner_X,25,On-Time,2.13,2,10,0,175.95
358,2024-01-15 21:00:00,Store_3,1073,Juice,Dairy,Nestle,1,58.8,Partner_Z,18,On-Time,4.13,34,10,0,58.8
359,2024-01-15 22:00:00,Store_2,1016,Eggs,Bakery,Local,1,84.87,Partner_Z,8,On-Time,1.98,4,10,0,84.87
360,2024-01-15 23:00:00,Store_1,1083,Bread,Bakery,Amul,1,32.33,Partner_Y,27,On-Time,1.44,26,10,1,32.33
361,2024-01-16 00:00:00,Store_2,1087,Snacks,Beverages,Amul,2,157.37,Partner_Y,14,On-Time,0.88,43,10,0,314.74
362,2024-01-16 01:00:00,Store_3,1068,Snacks,Dairy,Nestle,2,93.5,Partner_X,24,On-Time,2.6,11,10,0,187.0
363,2024-01-16 02:00:00,Store_2,1033,Eggs,Bakery,Amul,1,156.66,Partner_Z,19,On-Time,2.67,19,10,0,156.66
364,2024-01-16 03:00:00,Store_2,1005,Eggs,Snacks,Local,1,182.65,Partner_Y,22,On-Time,4.28,44,10,0,182.65
365,2024-01-16 04:00:00,Store_3,1052,Juice,Snacks,Amul,1,61.9,Partner_Y,24,On-Time,1.5,19,10,0,61.9
366,2024-01-16 05:00:00,Store_2,1065,Milk,Snacks,Nestle,2,165.33,Partner_Y,17,On-Time,2.21,8,10,0,330.66
367,2024-01-16 06:00:00,Store_2,1076,Eggs,Dairy,Local,1,30.64,Partner_Y,12,On-Time,4.14,38,10,0,30.64
368,2024-01-16 07:00:00,Store_3,1042,Eggs,Bakery,Amul,1,181.79,Partner_Y,13,On-Time,4.21,3,10,0,181.79
369,2024-01-16 08:00:00,Store_2,1074,Bread,Snacks,Britannia,4,137.14,Partner_Y,20,On-Time,2.23,18,10,0,548.56
370,2024-01-16 09:00:00,Store_3,1022,Snacks,Dairy,Local,4,177.36,Partner_X,23,Late,2.57,37,10,0,709.44
371,2024-01-16 10:00:00,Store_2,1054,Milk,Snacks,Local,1,20.03,Partner_Z,20,On-Time,1.86,26,10,0,20.03
372,2024-01-16 11:00:00,Store_3,1079,Bread,Beverages,Britannia,3,50.43,Partner_Z,11,Late,4.7,44,10,0,151.29
373,2024-01-16 12:00:00,Store_3,1094,Juice,Bakery,Britannia,1,90.16,Partner_Y,18,On-Time,1.03,42,10,0,90.16
374,2024-01-16 13:00:00,Store_2,1074,Juice,Bakery,Local,4,88.31,Partner_Z,18,On-Time,4.7,12,10,0,353.24
375,2024-01-16 14:00:00,Store_2,1015,Eggs,Dairy,Britannia,3,60.81,Partner_Z,29,On-Time,3.58,12,10,0,182.43
376,2024-01-16 15:00:00,Store_2,1007,Eggs,Dairy,Nestle,3,88.69,Partner_Z,8,Late,2.89,21,10,0,266.07
377,2024-01-16 16:00:00,Store_1,1003,Juice,Bakery,Nestle,1,43.19,Partner_Y,19,On-Time,0.65,27,10,0,43.19
378,2024-01-16 17:00:00,Store_1,1003,Eggs,Snacks,Nestle,4,94.3,Partner_Y,7,On-Time,2.64,46,10,0,377.2
379,2024-01-16 18:00:00,Store_1,1055,Milk,Snacks,Local,4,164.42,Partner_Z,9,On-Time,2.33,44,10,0,657.68
380,2024-01-16 19:00:00,Store_3,1024,Eggs,Beverages,Britannia,3,106.23,Partner_Z,5,On-Time,1.23,21,10,0,318.69
381,2024-01-16 20:00:00,Store_2,1066,Snacks,Snacks,Britannia,1,23.24,Partner_Y,7,On-Time,3.45,42,10,0,23.24
382,2024-01-16 21:00:00,Store_3,1095,Eggs,Dairy,Amul,2,95.86,Partner_X,19,On-Time,4.87,18,10,0,191.72
383,2024-01-16 22:00:00,Store_1,1066,Bread,Dairy,Amul,2,24.89,Partner_Z,28,On-Time,3.03,7,10,0,49.78
384,2024-01-16 23:00:00,Store_2,1026,Milk,Snacks,Britannia,4,193.92,Partner_X,12,On-Time,3.72,7,10,0,775.68
385,2024-01-17 00:00:00,Store_3,1092,Bread,Dairy,Britannia,2,42.94,Partner_Z,8,On-Time,0.81,41,10,0,85.88
386,2024-01-17 01:00:00,Store_2,1031,Bread,Bakery,Britannia,4,147.38,Partner_X,6,On-Time,2.38,25,10,0,589.52
387,2024-01-17 02:00:00,Store_3,1049,Snacks,Bakery,Local,4,195.1,Partner_X,28,On-Time,1.02,47,10,0,780.4
388,2024-01-17 03:00:00,Store_2,1060,Milk,Snacks,Britannia,4,168.69,Partner_X,28,Late,3.26,25,10,0,674.76
389,2024-01-17 04:00:00,Store_1,1050,Milk,Bakery,Amul,2,145.88,Partner_Y,14,On-Time,4.72,22,10,0,291.76
390,2024-01-17 05:00:00,Store_1,1018,Milk,Bakery,Local,4,171.1,Partner_X,8,On-Time,3.48,42,10,0,684.4
391,2024-01-17 06:00:00,Store_2,1020,Milk,Beverages,Britannia,3,196.72,Partner_X,7,On-Time,0.85,12,10,0,590.16
392,2024-01-17 07:00:00,Store_3,1004,Milk,Beverages,Amul,1,131.84,Partner_X,6,On-Time,2.1,27,10,0,131.84
393,2024-01-17 08:00:00,Store_1,1081,Snacks,Bakery,Local,1,120.65,Partner_Z,29,On-Time,2.98,8,10,0,120.65
394,2024-01-17 09:00:00,Store_1,1091,Eggs,Snacks,Britannia,4,133.08,Partner_X,21,On-Time,2.31,19,10,0,532.32
395,2024-01-17 10:00:00,Store_1,1041,Bread,Beverages,Britannia,1,115.88,Partner_Z,27,On-Time,4.25,18,10,0,115.88
396,2024-01-17 11:00:00,Store_2,1060,Milk,Dairy,Britannia,2,134.32,Partner_X,25,On-Time,4.17,47,10,0,268.64
397,2024-01-17 12:00:00,Store_2,1021,Eggs,Dairy,Local,2,100.97,Partner_X,28,On-Time,3.25,38,10,1,201.94
398,2024-01-17 13:00:00,Store_3,1020,Eggs,Dairy,Amul,1,59.32,Partner_Y,24,On-Time,2.18,11,10,0,59.32
399,2024-01-17 14:00:00,Store_3,1069,Bread,Snacks,Amul,2,41.64,Partner_Z,27,On-Time,1.65,14,10,0,83.28
400,2024-01-17 15:00:00,Store_3,1000,Snacks,Bakery,Nestle,1,32.3,Partner_X,17,Late,0.98,30,10,0,32.3
401,2024-01-17 16:00:00,Store_2,1004,Juice,Dairy,Britannia,1,67.4,Partner_Z,9,On-Time,2.1,13,10,0,67.4
402,2024-01-17 17:00:00,Store_2,1011,Juice,Snacks,Nestle,1,28.3,Partner_Z,25,On-Time,2.36,10,10,1,28.3
403,2024-01-17 18:00:00,Store_3,1089,Eggs,Beverages,Nestle,4,122.09,Partner_Y,13,On-Time,3.54,25,10,0,488.36
404,2024-01-17 19:00:00,Store_3,1045,Bread,Bakery,Amul,1,71.09,Partner_Y,29,On-Time,3.46,41,10,0,71.09
405,2024-01-17 20:00:00,Store_2,1033,Juice,Beverages,Local,4,168.42,Partner_Y,29,On-Time,0.82,26,10,0,673.68
406,2024-01-17 21:00:00,Store_3,1048,Eggs,Snacks,Local,1,33.36,Partner_Y,26,On-Time,2.28,10,10,0,33.36
407,2024-01-17 22:00:00,Store_1,1077,Snacks,Dairy,Amul,1,60.74,Partner_Y,10,On-Time,1.32,37,10,0,60.74
408,2024-01-17 23:00:00,Store_2,1089,Juice,Dairy,Local,1,151.44,Partner_Y,9,On-Time,1.21,33,10,0,151.44
409,2024-01-18 00:00:00,Store_3,1044,Eggs,Snacks,Nestle,2,127.79,Partner_Y,29,On-Time,4.22,42,10,1,255.58
410,2024-01-18 01:00:00,Store_2,1026,Eggs,Dairy,Britannia,4,31.61,Partner_Y,14,On-Time,0.69,18,10,0,126.44
411,2024-01-18 02:00:00,Store_1,1072,Milk,Bakery,Amul,4,177.9,Partner_X,12,On-Time,2.39,5,10,0,711.6
412,2024-01-18 03:00:00,Store_2,1025,Snacks,Snacks,Britannia,1,177.91,Partner_Z,11,On-Time,1.26,45,10,0,177.91
413,2024-01-18 04:00:00,Store_2,1046,Milk,Beverages,Local,1,79.47,Partner_Y,11,On-Time,4.46,37,10,0,79.47
414,2024-01-18 05:00:00,Store_2,1085,Bread,Snacks,Britannia,2,81.27,Partner_Y,10,On-Time,3.01,48,10,0,162.54
415,2024-01-18 06:00:00,Store_2,1055,Milk,Bakery,Local,2,198.03,Partner_Z,25,On-Time,1.54,41,10,0,396.06
416,2024-01-18 07:00:00,Store_1,1093,Milk,Bakery,Local,2,132.71,Partner_X,24,On-Time,2.76,27,10,0,265.42
417,2024-01-18 08:00:00,Store_2,1062,Juice,Snacks,Nestle,4,115.64,Partner_Z,7,On-Time,3.79,0,10,0,462.56
418,2024-01-18 09:00:00,Store_2,1047,Eggs,Snacks,Local,4,170.87,Partner_Z,23,On-Time,4.81,34,10,0,683.48
419,2024-01-18 10:00:00,Store_3,1060,Snacks,Dairy,Nestle,4,71.35,Partner_Y,26,On-Time,1.49,39,10,1,285.4
420,2024-01-18 11:00:00,Store_2,1080,Milk,Bakery,Nestle,1,97.25,Partner_Z,19,On-Time,4.49,7,10,0,97.25
421,2024-01-18 12:00:00,Store_3,1025,Snacks,Snacks,Nestle,4,68.2,Partner_Z,8,Late,4.7,46,10,0,272.8
422,2024-01-18 13:00:00,Store_1,1035,Milk,Snacks,Amul,3,162.05,Partner_Y,16,On-Time,4.62,6,10,0,486.15000000000003
423,2024-01-18 14:00:00,Store_1,1000,Bread,Bakery,Amul,3,123.2,Partner_Y,10,On-Time,3.36,10,10,0,369.6
424,2024-01-18 15:00:00,Store_1,1007,Milk,Snacks,Local,2,138.59,Partner_Y,23,On-Time,3.33,38,10,0,277.18
425,2024-01-18 16:00:00,Store_1,1098,Juice,Dairy,Nestle,4,65.42,Partner_Y,8,On-Time,2.31,3,10,0,261.68
426,2024-01-18 17:00:00,Store_3,1051,Eggs,Bakery,Amul,3,59.64,Partner_Z,19,On-Time,3.89,24,10,0,178.92000000000002
427,2024-01-18 18:00:00,Store_2,1078,Bread,Dairy,Nestle,2,107.91,Partner_Z,13,Late,2.89,11,10,0,215.82
428,2024-01-18 19:00:00,Store_1,1046,Milk,Dairy,Britannia,4,152.76,Partner_X,9,Late,3.55,25,10,0,611.04
429,2024-01-18 20:00:00,Store_2,1055,Snacks,Dairy,Britannia,1,114.54,Partner_X,17,On-Time,2.43,37,10,0,114.54
430,2024-01-18 21:00:00,Store_3,1085,Bread,Dairy,Britannia,3,25.88,Partner_Z,27,Late,3.79,45,10,0,77.64
431,2024-01-18 22:00:00,Store_3,1013,Bread,Bakery,Local,1,176.34,Partner_X,22,Late,4.21,11,10,0,176.34
432,2024-01-18 23:00:00,Store_3,1089,Milk,Dairy,Nestle,4,31.64,Partner_Z,9,On-Time,1.16,42,10,0,126.56
433,2024-01-19 00:00:00,Store_1,1027,Bread,Dairy,Britannia,3,192.05,Partner_X,29,On-Time,4.25,36,10,0,576.1500000000001
434,2024-01-19 01:00:00,Store_2,1086,Snacks,Snacks,Amul,4,24.53,Partner_Y,20,On-Time,2.93,45,10,0,98.12
435,2024-01-19 02:00:00,Store_2,1077,Bread,Bakery,Britannia,1,145.0,Partner_X,23,On-Time,4.3,23,10,0,145.0
436,2024-01-19 03:00:00,Store_2,1087,Snacks,Bakery,Britannia,3,34.8,Partner_Y,18,On-Time,2.44,15,10,0,104.39999999999999
437,2024-01-19 04:00:00,Store_3,1001,Milk,Beverages,Britannia,1,183.92,Partner_Y,29,On-Time,2.21,12,10,1,183.92
438,2024-01-19 05:00:00,Store_1,1025,Eggs,Bakery,Local,4,103.6,Partner_Y,20,Late,4.62,24,10,0,414.4
439,2024-01-19 06:00:00,Store_3,1013,Bread,Bakery,Amul,4,44.75,Partner_Y,19,On-Time,1.63,3,10,0,179.0
440,2024-01-19 07:00:00,Store_3,1058,Eggs,Beverages,Nestle,1,81.35,Partner_X,26,On-Time,4.3,10,10,0,81.35
441,2024-01-19 08:00:00,Store_2,1055,Snacks,Bakery,Amul,3,49.67,Partner_Z,8,On-Time,2.68,31,10,0,149.01
442,2024-01-19 09:00:00,Store_3,1006,Bread,Bakery,Nestle,1,50.7,Partner_Y,11,Late,2.81,48,10,0,50.7
443,2024-01-19 10:00:00,Store_2,1002,Juice,Bakery,Local,4,190.66,Partner_X,20,Late,1.89,6,10,0,762.64
444,2024-01-19 11:00:00,Store_1,1022,Eggs,Bakery,Local,1,100.14,Partner_Y,28,On-Time,3.08,45,10,0,100.14
445,2024-01-19 12:00:00,Store_2,1017,Bread,Beverages,Local,4,161.98,Partner_X,26,On-Time,1.96,10,10,0,647.92
446,2024-01-19 13:00:00,Store_1,1037,Eggs,Bakery,Local,1,135.13,Partner_X,25,On-Time,0.68,27,10,0,135.13
447,2024-01-19 14:00:00,Store_2,1098,Bread,Bakery,Nestle,3,141.76,Partner_X,26,On-Time,1.72,40,10,0,425.28
448,2024-01-19 15:00:00,Store_3,1014,Milk,Beverages,Britannia,3,43.7,Partner_Z,25,On-Time,0.53,22,10,0,131.10000000000002
449,2024-01-19 16:00:00,Store_3,1063,Eggs,Snacks,Nestle,1,62.15,Partner_X,12,On-Time,4.9,44,10,0,62.15
450,2024-01-19 17:00:00,Store_1,1088,Juice,Dairy,Amul,1,161.62,Partner_X,21,On-Time,4.85,22,10,0,161.62
451,2024-01-19 18:00:00,Store_1,1027,Juice,Snacks,Local,3,194.74,Partner_Z,20,On-Time,2.28,49,10,0,584.22
452,2024-01-19 19:00:00,Store_1,1073,Snacks,Beverages,Local,4,67.28,Partner_Z,27,On-Time,3.78,27,10,0,269.12
453,2024-01-19 20:00:00,Store_2,1038,Bread,Dairy,Amul,3,68.88,Partner_X,14,On-Time,2.06,42,10,0,206.64
454,2024-01-19 21:00:00,Store_2,1056,Eggs,Beverages,Nestle,4,105.12,Partner_Z,14,On-Time,3.52,46,10,0,420.48
455,2024-01-19 22:00:00,Store_1,1016,Snacks,Beverages,Britannia,1,197.09,Partner_Y,6,On-Time,4.12,25,10,0,197.09
456,2024-01-19 23:00:00,Store_3,1085,Eggs,Bakery,Britannia,1,68.41,Partner_Y,13,On-Time,4.76,24,10,0,68.41
457,2024-01-20 00:00:00,Store_2,1089,Bread,Dairy,Amul,4,93.25,Partner_Z,21,On-Time,2.3,28,10,0,373.0
458,2024-01-20 01:00:00,Store_2,1043,Juice,Bakery,Britannia,1,180.47,Partner_Z,15,On-Time,4.02,18,10,0,180.47
459,2024-01-20 02:00:00,Store_2,1024,Milk,Dairy,Nestle,4,20.53,Partner_X,14,On-Time,1.7,32,10,0,82.12
460,2024-01-20 03:00:00,Store_1,1016,Juice,Beverages,Nestle,2,27.16,Partner_Z,26,On-Time,4.96,35,10,0,54.32
461,2024-01-20 04:00:00,Store_1,1012,Snacks,Beverages,Amul,3,128.73,Partner_X,29,On-Time,0.62,13,10,0,386.18999999999994
462,2024-01-20 05:00:00,Store_1,1083,Milk,Snacks,Nestle,2,183.33,Partner_Y,21,On-Time,3.22,13,10,0,366.66
463,2024-01-20 06:00:00,Store_1,1024,Snacks,Dairy,Local,4,62.99,Partner_Z,8,On-Time,3.47,34,10,1,251.96
464,2024-01-20 07:00:00,Store_1,1067,Bread,Bakery,Amul,3,104.54,Partner_X,20,Late,3.6,29,10,0,313.62
465,2024-01-20 08:00:00,Store_3,1009,Milk,Snacks,Nestle,4,101.08,Partner_X,24,On-Time,1.04,27,10,0,404.32
466,2024-01-20 09:00:00,Store_3,1066,Snacks,Snacks,Amul,3,105.13,Partner_Y,19,On-Time,4.72,16,10,0,315.39
467,2024-01-20 10:00:00,Store_1,1017,Bread,Snacks,Britannia,3,132.05,Partner_Z,29,Late,1.32,2,10,0,396.15000000000003
468,2024-01-20 11:00:00,Store_2,1099,Juice,Bakery,Nestle,3,104.55,Partner_Y,25,On-Time,3.3,15,10,0,313.65
469,2024-01-20 12:00:00,Store_1,1085,Bread,Snacks,Local,3,100.54,Partner_X,9,On-Time,1.5,45,10,0,301.62
470,2024-01-20 13:00:00,Store_3,1033,Eggs,Bakery,Nestle,4,105.37,Partner_X,10,On-Time,1.88,29,10,0,421.48
471,2024-01-20 14:00:00,Store_3,1007,Bread,Snacks,Amul,3,126.36,Partner_Z,21,On-Time,2.96,28,10,0,379.08
472,2024-01-20 15:00:00,Store_2,1039,Bread,Bakery,Amul,3,116.66,Partner_X,5,On-Time,2.38,44,10,0,349.98
473,2024-01-20 16:00:00,Store_3,1082,Eggs,Beverages,Nestle,2,173.74,Partner_Z,29,On-Time,1.22,14,10,0,347.48
474,2024-01-20 17:00:00,Store_1,1041,Snacks,Beverages,Local,1,28.91,Partner_Y,23,Late,1.27,45,10,0,28.91
475,2024-01-20 18:00:00,Store_2,1040,Snacks,Beverages,Local,1,170.0,Partner_Z,8,Late,2.38,24,10,0,170.0
476,2024-01-20 19:00:00,Store_1,1005,Bread,Beverages,Local,2,171.91,Partner_Z,21,On-Time,3.91,37,10,0,343.82
477,2024-01-20 20:00:00,Store_1,1051,Eggs,Beverages,Amul,2,71.28,Partner_X,13,On-Time,4.54,41,10,0,142.56
478,2024-01-20 21:00:00,Store_2,1025,Eggs,Snacks,Nestle,4,103.31,Partner_X,28,On-Time,0.88,46,10,0,413.24
479,2024-01-20 22:00:00,Store_1,1063,Juice,Snacks,Britannia,4,98.94,Partner_Z,6,Late,2.27,37,10,1,395.76
480,2024-01-20 23:00:00,Store_3,1097,Snacks,Snacks,Amul,4,59.33,Partner_X,12,Late,0.95,22,10,0,237.32
481,2024-01-21 00:00:00,Store_1,1058,Milk,Bakery,Local,2,91.42,Partner_X,19,On-Time,0.57,24,10,1,182.84
482,2024-01-21 01:00:00,Store_2,1055,Snacks,Bakery,Nestle,2,27.99,Partner_X,11,On-Time,3.48,41,10,0,55.98
483,2024-01-21 02:00:00,Store_2,1058,Snacks,Bakery,Local,3,70.01,Partner_Z,10,On-Time,3.21,6,10,0,210.03000000000003
484,2024-01-21 03:00:00,Store_2,1069,Juice,Bakery,Britannia,4,167.0,Partner_X,5,On-Time,1.23,21,10,0,668.0
485,2024-01-21 04:00:00,Store_1,1032,Milk,Beverages,Local,4,71.22,Partner_Z,19,On-Time,1.55,16,10,1,284.88
486,2024-01-21 05:00:00,Store_2,1052,Juice,Beverages,Local,4,167.28,Partner_X,27,On-Time,0.61,17,10,0,669.12
487,2024-01-21 06:00:00,Store_2,1021,Milk,Beverages,Britannia,1,115.69,Partner_Y,11,On-Time,4.26,48,10,0,115.69
488,2024-01-21 07:00:00,Store_1,1020,Bread,Dairy,Nestle,3,178.38,Partner_X,29,On-Time,4.89,40,10,0,535.14
489,2024-01-21 08:00:00,Store_3,1069,Milk,Snacks,Amul,4,123.46,Partner_X,21,On-Time,1.11,9,10,0,493.84
490,2024-01-21 09:00:00,Store_1,1069,Juice,Bakery,Nestle,4,25.34,Partner_Z,6,Late,1.54,9,10,0,101.36
491,2024-01-21 10:00:00,Store_2,1003,Snacks,Bakery,Britannia,4,141.58,Partner_Z,13,On-Time,4.41,6,10,0,566.32
492,2024-01-21 11:00:00,Store_2,1093,Milk,Beverages,Local,1,28.07,Partner_X,13,On-Time,4.67,47,10,0,28.07
493,2024-01-21 12:00:00,Store_1,1074,Milk,Bakery,Nestle,1,101.11,Partner_Y,17,On-Time,2.39,49,10,0,101.11
494,2024-01-21 13:00:00,Store_3,1061,Eggs,Bakery,Amul,2,187.3,Partner_X,10,On-Time,0.73,37,10,0,374.6
495,2024-01-21 14:00:00,Store_2,1061,Snacks,Snacks,Britannia,3,49.74,Partner_X,10,On-Time,0.68,26,10,0,149.22
496,2024-01-21 15:00:00,Store_2,1093,Bread,Beverages,Nestle,2,90.18,Partner_Y,24,On-Time,3.08,32,10,0,180.36
497,2024-01-21 16:00:00,Store_2,1094,Juice,Snacks,Amul,3,151.37,Partner_Z,24,On-Time,2.27,0,10,0,454.11
498,2024-01-21 17:00:00,Store_1,1023,Bread,Dairy,Britannia,1,178.81,Partner_X,25,On-Time,0.63,43,10,0,178.81
499,2024-01-21 18:00:00,Store_2,1054,Snacks,Dairy,Amul,4,140.77,Partner_Z,7,On-Time,3.12,33,10,0,563.08
500,2024-01-21 19:00:00,Store_3,1008,Milk,Dairy,Britannia,2,66.47,Partner_Z,21,On-Time,0.55,3,10,0,132.94
